<?xml version ="1.0" encoding = "UTF-8" ?>
<XPDMXML schemaVersion="2" xmlns="http://www.3ds.com/xsd/XPDMXML" xmlns:xsi="http://www.w3.org/2001/XMLSchema-instance" xsi:schemaLocation="http://www.3ds.com/xsd/XPDMXML XPDMXML.xsd">
  <InfoHeader>
    <Info name="SourceObjectExternalID" value="7108F51C317ED99404041C0C594E173104095928"/>
    <Info name="TransferLightRepresentations" value="TRUE"/>
    <Info name="DrawingFormat" value="CATIAV5R18"/>
    <Info name="TransferAsSpec" value="False"/>
    <Info name="Format" value="CATIAV5R18"/>
    <Info name="SourceObjectRef" value="ID_2"/>
  </InfoHeader>
  <ProductStructure rootRefs="ID_4" updateChildMode="RemoveExistingNotProvided">
    <Product id="ID_4" mappingType="MEDSEngineering">
      <ID>30-3566218-00</ID>
      <Name></Name>
      <Description></Description>
      <UniqueID External="7108F51C317ED99404041C0C594E17310409594D" XID="7108F51C317ED99404041C0C594E17310409594D"/>
      <RevisionName>--A</RevisionName>
      <RevisionIndex>2</RevisionIndex>
      <RevisionFamily>E549107F000017DC537205F3000154C0</RevisionFamily>
      <Maturity>IN WORK</Maturity>
      <Lifecycle>MEDS_PDMArticle</Lifecycle>
      <TimeCreated>2015-05-06T13:12:13.0Z</TimeCreated>
      <TimeModified>2015-05-06T13:12:14.0Z</TimeModified>
      <Owner>mm006744</Owner>
      <Organization>MEDSMachining</Organization>
      <Project>Commercial</Project>
      <SecurityLevel>0</SecurityLevel>
      <Property name="AFA Part" type="boolean">
        <Value>false</Value>
      </Property>
      <Property name="Aircraft" type="string">
        <Value>A350</Value>
      </Property>
      <Property name="Description" type="string">
        <Value>MAIN FITTING SUB ASSY RH</Value>
      </Property>
      <Property name="Functional Category" type="string">
        <Value>P1</Value>
      </Property>
      <Property name="P/N for Multiple Versions Process" type="boolean">
        <Value>false</Value>
      </Property>
      <Property name="PDM Revision" type="integer">
        <Value>5</Value>
      </Property>
      <Property name="Type" type="string">
        <Value>t1PartType_SUBASSYS</Value>
      </Property>
    </Product>
    <Product id="ID_5" mappingType="MEDSEngineering">
      <ID>43-3566102-00</ID>
      <Name></Name>
      <Description></Description>
      <UniqueID External="7108F51CE94D14830404139C577F98C00405269F" XID="7108F51CE94D14830404139C577F98C00405269F"/>
      <RevisionName>---</RevisionName>
      <RevisionIndex>1</RevisionIndex>
      <RevisionFamily>E549107F00000F98537B94BC0001229B</RevisionFamily>
      <Maturity>RELEASED</Maturity>
      <Lifecycle>MEDS_PDMArticle</Lifecycle>
      <TimeCreated>2014-05-20T17:46:09.0Z</TimeCreated>
      <TimeModified>2015-05-06T13:12:14.0Z</TimeModified>
      <Owner>mm006744</Owner>
      <Organization>MBD</Organization>
      <Project>Commercial</Project>
      <SecurityLevel>0</SecurityLevel>
      <Property name="AFA Part" type="boolean">
        <Value>false</Value>
      </Property>
      <Property name="Aircraft" type="string">
        <Value>A350</Value>
      </Property>
      <Property name="Description" type="string">
        <Value>MAIN FITTING FORGING-RH</Value>
      </Property>
      <Property name="Functional Category" type="string">
        <Value>P1</Value>
      </Property>
      <Property name="P/N for Multiple Versions Process" type="boolean">
        <Value>false</Value>
      </Property>
      <Property name="PDM Revision" type="integer">
        <Value>1</Value>
      </Property>
      <Property name="Type" type="string">
        <Value>t1PartType_RAWPART</Value>
      </Property>
    </Product>
  </ProductStructure>
  <ProcessStructure>
    <CreateMaterialProcess id="ID_2" mappingType="MEDSEngineering">
      <ID>30-3566218-00.121</ID>
      <Name></Name>
      <Description></Description>
      <UniqueID External="7108F51C317ED99404041C0C594E173104095928" XID="7108F51C317ED99404041C0C594E173104095928"/>
      <RevisionName>--B</RevisionName>
      <RevisionIndex>3</RevisionIndex>
      <RevisionFamily>18CC69410000169C53C0093C00015B39</RevisionFamily>
      <Maturity>IN WORK</Maturity>
      <Lifecycle>MEDS_Stage</Lifecycle>
      <TimeCreated>2015-05-06T13:12:13.0Z</TimeCreated>
      <TimeModified>2015-05-06T13:12:14.0Z</TimeModified>
      <Owner>mm006744</Owner>
      <Organization>MEDSMachining</Organization>
      <Project>Commercial</Project>
      <SecurityLevel>0</SecurityLevel>
      <Property name="Description" type="string">
        <Value>MAIN FITTING SUB ASSY RH</Value>
      </Property>
      <Property name="Substitution Code" type="string"/>
      <EstimatedTime>PT0S</EstimatedTime>
      <ThroughputTime>PT0S</ThroughputTime>
      <AnalysedTime>PT0S</AnalysedTime>
      <NeedDedicatedSystem>No</NeedDedicatedSystem>
      <ProductImplementScope>ID_4</ProductImplementScope>
    </CreateMaterialProcess>
    <ProvideProcess id="ID_3" mappingType="MEDSEngineering">
      <ID>43-3566102-00.183</ID>
      <Name></Name>
      <Description></Description>
      <UniqueID External="7108F51C317ED9940404231C58E117D8040491DA" XID="7108F51C317ED9940404231C58E117D8040491DA"/>
      <RevisionName>--A</RevisionName>
      <RevisionIndex>2</RevisionIndex>
      <RevisionFamily>18CC69410000169C53C0095600015BAB</RevisionFamily>
      <Maturity>RELEASED</Maturity>
      <Lifecycle>MEDS_Stage</Lifecycle>
      <TimeCreated>2015-02-12T20:57:56.0Z</TimeCreated>
      <TimeModified>2015-02-13T15:39:41.0Z</TimeModified>
      <Owner>mm006598</Owner>
      <Organization>MEDSMachining</Organization>
      <Project>Commercial</Project>
      <SecurityLevel>0</SecurityLevel>
      <Property name="Substitution Code" type="string"/>
      <EstimatedTime>PT0S</EstimatedTime>
      <ThroughputTime>PT0S</ThroughputTime>
      <AnalysedTime>PT0S</AnalysedTime>
    </ProvideProcess>
    <DataRequirementPortOut id="ID_6">
      <ID></ID>
      <Name></Name>
      <Description></Description>
      <UniqueID External="7108F51C317ED99404041C0C594E17310409594A" XID="7108F51C317ED99404041C0C594E17310409594A"/>
      <TimeCreated>2015-05-06T13:12:13.0Z</TimeCreated>
      <TimeModified>2015-05-06T13:12:14.0Z</TimeModified>
      <Owner>mm006744</Owner>
      <Organization>MEDSMachining</Organization>
      <Project>Commercial</Project>
      <SecurityLevel>0</SecurityLevel>
      <Owned>ID_2</Owned>
    </DataRequirementPortOut>
    <DataRequirementPortOut id="ID_7">
      <ID></ID>
      <Name></Name>
      <Description></Description>
      <UniqueID External="7108F51C317ED9940404231C58E117D804049206" XID="7108F51C317ED9940404231C58E117D804049206"/>
      <TimeCreated>2015-02-12T20:57:56.0Z</TimeCreated>
      <TimeModified>2015-02-13T15:36:38.0Z</TimeModified>
      <Owner>mm006598</Owner>
      <Organization>MEDSMachining</Organization>
      <Project>Commercial</Project>
      <SecurityLevel>0</SecurityLevel>
      <Owned>ID_3</Owned>
      <ProcessOutput>ID_5</ProcessOutput>
    </DataRequirementPortOut>
    <FunctionProcessInst id="ID_8">
      <ID>Product182.84</ID>
      <Name></Name>
      <Description>Object initialized by:
PLM Opening ID: PLMIdentificationInitialization
Rule: PLMProcessInstanceInitialization_modeler
OperationId: Implicit
OperationDetail: None</Description>
      <UniqueID External="7108F51C80851F24F0BF5051C108652860C4634F" XID="7108F51C80851F24F0BF5051C108652860C4634F"/>
      <TimeCreated>2015-05-06T13:12:14.0Z</TimeCreated>
      <TimeModified>2015-05-06T13:12:14.0Z</TimeModified>
      <Owner>mm006744</Owner>
      <Organization>MEDSMachining</Organization>
      <Project>Commercial</Project>
      <SecurityLevel>0</SecurityLevel>
      <Owned>ID_2</Owned>
      <Instancing>ID_3</Instancing>
    </FunctionProcessInst>
    <PortOnProcessInstance id="ID_9">
      <Owned>ID_8</Owned>
      <Port>ID_7</Port>
    </PortOnProcessInstance>
    <DataRequirement id="ID_10">
      <Owned>ID_2</Owned>
      <Quantity>1</Quantity>
      <OutPortInstance>ID_9</OutPortInstance>
      <OutPortReference>ID_6</OutPortReference>
    </DataRequirement>
  </ProcessStructure>
  <ProductionSystemStructure>
    <ProductionGeneralSystem id="ID_0" mappingType="MEDSEngineering">
      <ID>30-3566218-00</ID>
      <Name></Name>
      <Description></Description>
      <UniqueID External="7108F51C317ED99404041C0C594CFB3904090431" XID="7108F51C317ED99404041C0C594CFB3904090431"/>
      <RevisionName>--F</RevisionName>
      <RevisionIndex>7</RevisionIndex>
      <RevisionFamily>140F347A6C5F4E63927C36F5C8057FCE</RevisionFamily>
      <Maturity>RELEASED</Maturity>
      <Lifecycle>MEDS_PPH</Lifecycle>
      <TimeCreated>2015-05-05T17:00:37.0Z</TimeCreated>
      <TimeModified>2015-05-07T12:55:34.0Z</TimeModified>
      <Owner>mm006598</Owner>
      <Organization>MEDSMachining</Organization>
      <Project>Commercial</Project>
      <SecurityLevel>0</SecurityLevel>
      <Property name="Aircraft" type="string">
        <Value>A350</Value>
      </Property>
      <Property name="Description" type="string">
        <Value>MAIN FITTING SUB ASSY RH (DROITE)-Marmen</Value>
      </Property>
      <Property name="Engineering Drawing Issue" type="string">
        <Value>N/A</Value>
      </Property>
      <Property name="Functional Category" type="string">
        <Value>P1</Value>
      </Property>
      <Property name="Material Specification" type="string">
        <Value>43-3566102-00</Value>
      </Property>
      <Property name="Plan Type" type="string">
        <Value>2</Value>
      </Property>
      <Property name="Plan Type Code" type="string">
        <Value>2</Value>
      </Property>
      <Property name="Reason for Last Change" type="string">
        <Value>Cette revision inclus des DT's suivant:
8465
8498
8488
8483
8258
8298
8072</Value>
      </Property>
      <Property name="Revision" type="string">
        <Value>7</Value>
      </Property>
      <Property name="SAP Service" type="string"/>
      <Property name="SAP Usage" type="string">
        <Value>Z1</Value>
      </Property>
      <Property name="To Be Exported" type="boolean">
        <Value>false</Value>
      </Property>
      <CycleTime>PT0S</CycleTime>
      <TotalProductionTime>PT0S</TotalProductionTime>
      <MTBF>PT0S</MTBF>
      <MTTR>PT0S</MTTR>
      <Capacity>0</Capacity>
      <QueuingIN>LIFO</QueuingIN>
      <QueuingOUT>LIFO</QueuingOUT>
      <FlowIN>FirstAllowed</FlowIN>
      <FlowOUT>FirstAllowed</FlowOUT>
      <ProcessImplementScope>ID_2</ProcessImplementScope>
    </ProductionGeneralSystem>
    <ProductionGeneralSystem id="ID_1" mappingType="MEDSEngineering">
      <ID>30-3566218-00</ID>
      <Name></Name>
      <Description></Description>
      <UniqueID External="7108F51C317ED99404041C0C594CFB7504093C4E" XID="7108F51C317ED99404041C0C594CFB7504093C4E"/>
      <RevisionName>--F</RevisionName>
      <RevisionIndex>7</RevisionIndex>
      <RevisionFamily>D38863955BE3451A8E119D88DCD1950C</RevisionFamily>
      <Maturity>RELEASED</Maturity>
      <Lifecycle>MEDS_PPH</Lifecycle>
      <TimeCreated>2015-05-05T17:01:37.0Z</TimeCreated>
      <TimeModified>2015-05-07T13:05:15.0Z</TimeModified>
      <Owner>mm006598</Owner>
      <Organization>MEDSMachining</Organization>
      <Project>Commercial</Project>
      <SecurityLevel>0</SecurityLevel>
      <Property name="Aircraft" type="string">
        <Value>A350</Value>
      </Property>
      <Property name="Description" type="string">
        <Value>MAIN FITTING SUB ASSY RH (DROITE)</Value>
      </Property>
      <Property name="Engineering Drawing Issue" type="string">
        <Value>N/A</Value>
      </Property>
      <Property name="Functional Category" type="string">
        <Value>P1</Value>
      </Property>
      <Property name="Material Specification" type="string">
        <Value>43-3566102-00</Value>
      </Property>
      <Property name="Plan Type" type="string">
        <Value>1</Value>
      </Property>
      <Property name="Plan Type Code" type="string">
        <Value>1</Value>
      </Property>
      <Property name="Reason for Last Change" type="string">
        <Value>Cette revision inclus des DT's suivant:
8465
8498
8488
8483
8258
8298
8072</Value>
      </Property>
      <Property name="Revision" type="string">
        <Value>7</Value>
      </Property>
      <Property name="SAP Service" type="string"/>
      <Property name="SAP Usage" type="string">
        <Value>Z1</Value>
      </Property>
      <Property name="To Be Exported" type="boolean">
        <Value>false</Value>
      </Property>
      <CycleTime>PT0S</CycleTime>
      <TotalProductionTime>PT0S</TotalProductionTime>
      <MTBF>PT0S</MTBF>
      <MTTR>PT0S</MTTR>
      <Capacity>0</Capacity>
      <QueuingIN>LIFO</QueuingIN>
      <QueuingOUT>LIFO</QueuingOUT>
      <FlowIN>FirstAllowed</FlowIN>
      <FlowOUT>FirstAllowed</FlowOUT>
      <ProcessImplementScope>ID_2</ProcessImplementScope>
    </ProductionGeneralSystem>
  </ProductionSystemStructure>
</XPDMXML>
