<?xml version='1.0' encoding='UTF-8' ?>
<XPDMXML schemaVersion = "2" xmlns = "http://www.3ds.com/xsd/XPDMXML" xmlns:xsi = "http://www.w3.org/2001/XMLSchema-instance" xsi:schemaLocation = "http://www.3ds.com/xsd/XPDMXML XPDMXML.xsd">
  <InfoHeader>
    <Info name = "SourceObjectExternalID" value = "7108F51C317ED99404041C0C594E17310409594D"/>
    <Info name = "TransferLightRepresentations" value = "FALSE"/>
    <Info name = "DrawingFormat" value = "CATIAV5R18"/>
    <Info name = "TransferAsSpec" value = "False"/>
    <Info name = "Format" value = "CATIAV5R18"/>
  </InfoHeader>
  <ProductStructure rootRefs = "ID_0" updateChildMode = "RemoveExistingNotProvided">
    <Product id = "ID_0" mappingType = "MEDSEngineering">
      <ID>30-3566218-00</ID>
      <Name/>
      <Description/>
      <UniqueID External = "7108F51C317ED99404041C0C594E17310409594D" XID = "7108F51C317ED99404041C0C594E17310409594D"/>
      <RevisionName>--A</RevisionName>
      <RevisionIndex>2</RevisionIndex>
      <RevisionFamily>E549107F000017DC537205F3000154C0</RevisionFamily>
      <Maturity>IN WORK</Maturity>
      <Lifecycle>MEDS_PDMArticle</Lifecycle>
      <TimeCreated>2015-05-06T13:12:13.0Z</TimeCreated>
      <TimeModified>2015-05-06T13:12:14.0Z</TimeModified>
      <Owner>mm006744</Owner>
      <Organization>MEDSMachining</Organization>
      <Project>Commercial</Project>
      <SecurityLevel>0</SecurityLevel>
      <Property name = "AFA Part" type = "boolean">
        <Value>false</Value>
      </Property>
      <Property name = "Aircraft" type = "string">
        <Value>A350</Value>
      </Property>
      <Property name = "Description" type = "string">
        <Value>MAIN FITTING SUB ASSY RH</Value>
      </Property>
      <Property name = "Functional Category" type = "string">
        <Value>P1</Value>
      </Property>
      <Property name = "P/N for Multiple Versions Process" type = "boolean">
        <Value>false</Value>
      </Property>
      <Property name = "PDM Revision" type = "integer">
        <Value>5</Value>
      </Property>
      <Property name = "Type" type = "string">
        <Value>t1PartType_SUBASSYS</Value>
      </Property>
    </Product>
    <Product id = "ID_1" mappingType = "MEDSEngineering">
      <ID>50-3566218-00</ID>
      <Name/>
      <Description/>
      <UniqueID External = "7108F51C317ED99404041C0C594E1732040959AA" XID = "7108F51C317ED99404041C0C594E1732040959AA"/>
      <RevisionName>--B</RevisionName>
      <RevisionIndex>3</RevisionIndex>
      <RevisionFamily>E549107F000017DC537204E5000151C9</RevisionFamily>
      <Maturity>IN WORK</Maturity>
      <Lifecycle>MEDS_PDMArticle</Lifecycle>
      <TimeCreated>2015-05-06T13:12:14.0Z</TimeCreated>
      <TimeModified>2015-05-06T13:12:14.0Z</TimeModified>
      <Owner>mm006744</Owner>
      <Organization>MEDSMachining</Organization>
      <Project>Commercial</Project>
      <SecurityLevel>0</SecurityLevel>
      <Property name = "AFA Part" type = "boolean">
        <Value>true</Value>
      </Property>
      <Property name = "Aircraft" type = "string">
        <Value>A350</Value>
      </Property>
      <Property name = "Description" type = "string">
        <Value>MAIN FITTING RH</Value>
      </Property>
      <Property name = "Functional Category" type = "string">
        <Value>P1</Value>
      </Property>
      <Property name = "P/N for Multiple Versions Process" type = "boolean">
        <Value>false</Value>
      </Property>
      <Property name = "PDM Revision" type = "integer">
        <Value>6</Value>
      </Property>
      <Property name = "Type" type = "string">
        <Value>t1PartType_DETPRT</Value>
      </Property>
    </Product>
    <Product id = "ID_2" mappingType = "MEDSEngineering">
      <ID>43-3566102-00</ID>
      <Name/>
      <Description/>
      <UniqueID External = "7108F51C317ED99404041C0C594E173204095993" XID = "7108F51C317ED99404041C0C594E173204095993"/>
      <RevisionName>--A</RevisionName>
      <RevisionIndex>2</RevisionIndex>
      <RevisionFamily>E549107F00000F98537B94BC0001229B</RevisionFamily>
      <Maturity>IN WORK</Maturity>
      <Lifecycle>MEDS_PDMArticle</Lifecycle>
      <TimeCreated>2015-05-06T13:12:14.0Z</TimeCreated>
      <TimeModified>2015-05-06T13:12:14.0Z</TimeModified>
      <Owner>mm006744</Owner>
      <Organization>MEDSMachining</Organization>
      <Project>Commercial</Project>
      <SecurityLevel>0</SecurityLevel>
      <Property name = "AFA Part" type = "boolean">
        <Value>false</Value>
      </Property>
      <Property name = "Aircraft" type = "string">
        <Value>A350</Value>
      </Property>
      <Property name = "Description" type = "string">
        <Value>MAIN FITTING FORGING-RH</Value>
      </Property>
      <Property name = "Functional Category" type = "string">
        <Value>P1</Value>
      </Property>
      <Property name = "P/N for Multiple Versions Process" type = "boolean">
        <Value>false</Value>
      </Property>
      <Property name = "PDM Revision" type = "integer">
        <Value>2</Value>
      </Property>
      <Property name = "Type" type = "string">
        <Value>t1PartType_RAWPART</Value>
      </Property>
    </Product>
    <ProductInst id = "ID_3">
      <ID>450-3566218-00.1</ID>
      <Name/>
      <Description/>
      <UniqueID External = "7108F51CEEDC6E2510A34E98C0197823EDDF6DD5" XID = "7108F51CEEDC6E2510A34E98C0197823EDDF6DD5"/>
      <TimeCreated>2015-05-06T13:12:14.0Z</TimeCreated>
      <TimeModified>2015-05-06T13:12:14.0Z</TimeModified>
      <Owner>mm006744</Owner>
      <Organization>MEDSMachining</Organization>
      <Project>Commercial</Project>
      <SecurityLevel>0</SecurityLevel>
      <Owned>ID_0</Owned>
      <Instancing>ID_1</Instancing>
      <RelativeTransformation3D>
        <Rotation3D>1 0 0 0 1 0 0 0 1</Rotation3D>
        <Translation3D>0 0 0</Translation3D>
      </RelativeTransformation3D>
    </ProductInst>
    <ProductInst id = "ID_4">
      <ID>143-3566102-00.1</ID>
      <Name/>
      <Description/>
      <UniqueID External = "7108F51C59F3B984541D481C8488C9343D0915A5" XID = "7108F51C59F3B984541D481C8488C9343D0915A5"/>
      <TimeCreated>2015-05-06T13:12:14.0Z</TimeCreated>
      <TimeModified>2015-05-06T13:12:14.0Z</TimeModified>
      <Owner>mm006744</Owner>
      <Organization>MEDSMachining</Organization>
      <Project>Commercial</Project>
      <SecurityLevel>0</SecurityLevel>
      <Owned>ID_1</Owned>
      <Instancing>ID_2</Instancing>
      <RelativeTransformation3D>
        <Rotation3D>1 0 0 0 1 0 0 0 1</Rotation3D>
        <Translation3D>0 0 0</Translation3D>
      </RelativeTransformation3D>
    </ProductInst>
  </ProductStructure>
  <MultiStructure>
    <DocumentReferenceRelationship id = "ID_5">
      <ID/>
      <Name/>
      <Description/>
      <UniqueID External = "" XID = ""/>
      <TimeCreated>2014-05-13T07:38:46.0Z</TimeCreated>
      <TimeModified>2014-05-13T07:38:46.0Z</TimeModified>
      <Owner>mm006744</Owner>
      <Organization>MBD</Organization>
      <Project>Commercial</Project>
      <SecurityLevel>0</SecurityLevel>
      <Owned>ID_0</Owned>
      <Instancing>ID_6</Instancing>
    </DocumentReferenceRelationship>
    <GenericDocument id = "ID_6" mappingType = "EngineeringDocument">
      <ID>30-3565218-00</ID>
      <Name>MAIN FITTING SUB ASSY</Name>
      <Description/>
      <UniqueID External = "" XID = ""/>
      <RevisionName>0</RevisionName>
      <RevisionIndex>0</RevisionIndex>
      <Maturity>EXIST</Maturity>
      <Lifecycle>MEDS_EngineeringDocument</Lifecycle>
      <TimeCreated>2014-05-13T07:38:46.0Z</TimeCreated>
      <TimeModified>2014-05-13T07:38:46.0Z</TimeModified>
      <Owner>mm006744</Owner>
      <Organization>MBD</Organization>
      <Project>Commercial</Project>
      <Property name = "Issue" type = "integer">
        <Value>4</Value>
      </Property>
      <Property name = "SAP Doc Type" type = "string">
        <Value>DRW</Value>
      </Property>
      <Property name = "PDM type" type = "string">
        <Value>MEDS_DOC_Drawing</Value>
      </Property>
    </GenericDocument>
    <DocumentReferenceRelationship id = "ID_7">
      <ID/>
      <Name/>
      <Description/>
      <UniqueID External = "" XID = ""/>
      <TimeCreated>2015-05-04T10:26:31.0Z</TimeCreated>
      <TimeModified>2015-05-04T10:27:03.0Z</TimeModified>
      <Owner>mm006598</Owner>
      <Organization>MBD</Organization>
      <Project>Commercial</Project>
      <SecurityLevel>0</SecurityLevel>
      <Owned>ID_1</Owned>
      <Instancing>ID_8</Instancing>
    </DocumentReferenceRelationship>
    <GenericDocument id = "ID_8" mappingType = "EngineeringDocument">
      <ID>K0654-50-3565218-00</ID>
      <Name>MAIN FITTING</Name>
      <Description/>
      <UniqueID External = "" XID = ""/>
      <RevisionName>2</RevisionName>
      <RevisionIndex>2</RevisionIndex>
      <Maturity>EXIST</Maturity>
      <Lifecycle>MEDS_EngineeringDocument</Lifecycle>
      <TimeCreated>2015-05-04T10:26:31.0Z</TimeCreated>
      <TimeModified>2015-05-04T10:27:03.0Z</TimeModified>
      <Owner>mm006598</Owner>
      <Organization>MBD</Organization>
      <Project>Commercial</Project>
      <Property name = "Issue" type = "integer">
        <Value>6</Value>
      </Property>
      <Property name = "SAP Doc Type" type = "string">
        <Value>Z3D</Value>
      </Property>
      <Property name = "PDM type" type = "string">
        <Value>MEDS_DOC_CATIA_V5_Model</Value>
      </Property>
    </GenericDocument>
  </MultiStructure>
</XPDMXML>
